{"cameraMode":{"drawMode":0,"name":"Shaded","section":"Shading Mode"},"sceneLighting":true,"audioPlay":false,"sceneViewState":{"m_AlwaysRefresh":false,"showFog":true,"showSkybox":true,"showFlares":true,"showImageEffects":true,"showParticleSystems":true,"showVisualEffectGraphs":true,"m_FxEnabled":true},"in2DMode":false,"pivot":{"x":557.8970336914063,"y":1110.5755615234375,"z":-1078.037353515625},"rotation":{"x":-0.04372420534491539,"y":0.059011269360780719,"z":-0.0025111883878707887,"w":-0.9973140954971314},"size":143.7118682861328,"orthographic":false}