{"cameraMode":{"drawMode":0,"name":"Shaded","section":"Shading Mode"},"sceneLighting":false,"audioPlay":false,"sceneViewState":{"m_AlwaysRefresh":false,"showFog":false,"showSkybox":false,"showFlares":false,"showImageEffects":false,"showParticleSystems":false,"showVisualEffectGraphs":false,"m_FxEnabled":true},"in2DMode":false,"pivot":{"x":0.09120482206344605,"y":0.4221210777759552,"z":9.990191459655762},"rotation":{"x":0.045294638723134997,"y":-0.0015015979297459126,"z":0.00007885357626946643,"w":0.9989847540855408},"size":3.071209192276001,"orthographic":false}