{"cameraMode":{"drawMode":0,"name":"Shaded","section":"Shading Mode"},"sceneLighting":true,"audioPlay":false,"sceneViewState":{"m_AlwaysRefresh":false,"showFog":false,"showSkybox":false,"showFlares":false,"showImageEffects":false,"showParticleSystems":false,"showVisualEffectGraphs":false,"m_FxEnabled":true},"in2DMode":false,"pivot":{"x":7.192654609680176,"y":3.6590042114257814,"z":21.2636775970459},"rotation":{"x":0.03480108082294464,"y":0.008992014452815056,"z":-0.00028272182680666447,"w":0.9993808269500732},"size":12.139141082763672,"orthographic":false}