{"cameraMode":{"drawMode":0,"name":"Shaded","section":"Shading Mode"},"sceneLighting":false,"audioPlay":false,"sceneViewState":{"m_AlwaysRefresh":false,"showFog":false,"showSkybox":false,"showFlares":false,"showImageEffects":false,"showParticleSystems":false,"showVisualEffectGraphs":false,"m_FxEnabled":true},"in2DMode":false,"pivot":{"x":1.1423695087432862,"y":0.901860237121582,"z":8.913946151733399},"rotation":{"x":0.14379754662513734,"y":0.01335828471928835,"z":-0.001925825490616262,"w":0.9895249009132385},"size":3.8583807945251467,"orthographic":false}