{"cameraMode":{"drawMode":0,"name":"Shaded","section":"Shading Mode"},"sceneLighting":false,"audioPlay":false,"sceneViewState":{"m_AlwaysRefresh":false,"showFog":false,"showSkybox":false,"showFlares":false,"showImageEffects":false,"showParticleSystems":false,"showVisualEffectGraphs":false,"m_FxEnabled":true},"in2DMode":false,"pivot":{"x":0.054078392684459689,"y":-0.2244582176208496,"z":12.426340103149414},"rotation":{"x":0.09018634259700775,"y":-0.005978211760520935,"z":0.0005521875573322177,"w":0.9959188103675842},"size":3.930812358856201,"orthographic":false}