{"cameraMode":{"drawMode":0,"name":"Shaded","section":"Shading Mode"},"sceneLighting":false,"audioPlay":false,"sceneViewState":{"m_AlwaysRefresh":false,"showFog":false,"showSkybox":false,"showFlares":false,"showImageEffects":false,"showParticleSystems":false,"showVisualEffectGraphs":false,"m_FxEnabled":true},"in2DMode":false,"pivot":{"x":0.2583524286746979,"y":-0.5572612285614014,"z":-0.9295945167541504},"rotation":{"x":0.23651880025863648,"y":-0.01603729836642742,"z":0.003894032444804907,"w":0.9715080857276917},"size":2.322723865509033,"orthographic":false}