{"cameraMode":{"drawMode":0,"name":"Shaded","section":"Shading Mode"},"sceneLighting":false,"audioPlay":false,"sceneViewState":{"m_AlwaysRefresh":false,"showFog":false,"showSkybox":false,"showFlares":false,"showImageEffects":false,"showParticleSystems":false,"showVisualEffectGraphs":false,"m_FxEnabled":true},"in2DMode":false,"pivot":{"x":-0.4647749960422516,"y":1.7789757251739503,"z":11.606525421142579},"rotation":{"x":0.1482616662979126,"y":-0.004448696970939636,"z":0.0007029631524346769,"w":0.9889561533927918},"size":3.3011457920074465,"orthographic":false}